{
  "name": "BIRDBRAIN",
  "author": "ProtoPropski",
  "version": "1.0",
  "description": "We all love our lil birdbrain teto.",
  "credits": "Jamie Paige, OK Glass, Sega",
  "website": "https://www.youtube.com/watch?v=0iVlSNpq8i8",
  "wallpaper_main": "BIRDBRAIN-Top",
  "wallpaper_external": "BIRDBRAIN-Bottom",
  "color_scheme": {
    "background_gradient_start": "#ab2c2c",
    "background_gradient_end": "#ab2c2c",
    "card_gradient_start": "#ab2c2c",
    "card_gradient_end": "#ab2c2c",
    "text_primary": "#fcd339",
    "text_secondary": "#fcd339",
    "icon_tint": "#fcd339",
    "tile_background": "#ab2c2c",
    "tile_border": "#ab2c2c",
    "toggle_off_gradient_start": "#ff0000",
    "toggle_off_gradient_end": "#ab2c2c",
    "toggle_thumb_gradient_start": "#ffffff",
    "toggle_thumb_gradient_end": "#ffe6f0",
    "drop_shadow": "#0000001a",
    "inner_shadow_light": "#ffffff",
    "inner_shadow_dark": "#ff0000",
    "success": "#4a2b3a",
    "warning": "#ff6969",
    "divider": "#ff6969",
    "accent_gradient_start": "#ff6969",
    "accent_gradient_end": "#e06290",
    "accent_glow": "#fcd339"
  }
}
