{
  "name": "Hatsune Miku Project Diva",
  "author": "ProtoPropski",
  "version": "1.1",
  "description": "Miku Miku BEEEEAAAAM",
  "credits": "n/a",
  "website": "n/a",
  "wallpaper_main": "Project Diva-Top",
  "wallpaper_external": "Project Diva-Bottom",
  "color_scheme": {
    "background_gradient_start": "#125656",
    "background_gradient_end": "#102727",
    "card_gradient_start": "#125656",
    "card_gradient_end": "#102727",
    "text_primary": "#3cbeb4",
    "text_secondary": "#000000",
    "icon_tint": "#3cbeb4",
    "tile_background": "#3cbeb4",
    "tile_border": "#3cbeb4",
    "toggle_off_gradient_start": "#125656",
    "toggle_off_gradient_end": "#102727",
    "toggle_thumb_gradient_start": "#ffffff",
    "toggle_thumb_gradient_end": "#ffe6f0",
    "drop_shadow": "#000000",
    "inner_shadow_light": "#ffffff",
    "inner_shadow_dark": "#125656",
    "success": "#125656",
    "warning": "#125656",
    "divider": "#125656",
    "accent_gradient_start": "#125656",
    "accent_gradient_end": "#102727",
    "accent_glow": "#FFCF1D"
  }
}
