{
  "name": "Celeste",
  "author": "ProtoPropski",
  "version": "1.1",
  "description": "In remembrance of the 1,000's of Madeline's who lost their lives to Mt Celeste.. at my behest.",
  "credits": "Flagpole1up, and Pedro Medeiros",
  "website": "n/a",
  "wallpaper_main": "Celeste-Top",
  "wallpaper_external": "Celeste-Bottom",
  "color_scheme": {
    "background_gradient_start": "#3c1e49",
    "background_gradient_end": "#2b142e",
    "card_gradient_start": "#3c1e49",
    "card_gradient_end": "#2b142e",
    "text_primary": "#f17ddf",
    "text_secondary": "#f17ddf",
    "icon_tint": "#f17ddf",
    "tile_background": "#3c1e49",
    "tile_border": "#3c1e49",
    "toggle_off_gradient_start": "#2b142e",
    "toggle_off_gradient_end": "#3c1e49",
    "toggle_thumb_gradient_start": "#ffffff",
    "toggle_thumb_gradient_end": "#ffe6f0",
    "drop_shadow": "#0000001a",
    "inner_shadow_light": "#ffffff",
    "inner_shadow_dark": "#2b142e",
    "success": "#4a2b3a",
    "warning": "#2b142e",
    "divider": "#2b142e",
    "accent_gradient_start": "#2b142e",
    "accent_gradient_end": "#e06290",
    "accent_glow": "#f17ddf"
  }
}
