{
  "name": "Ika Parade",
  "author": "ProtoPropski",
  "version": "1.1",
  "description": "It's an Inkvasion straight to your Cocoon.",
  "credits": "n/a",
  "website": "n/a",
  "wallpaper_main": "Ika-Top",
  "wallpaper_external": "Ika-Bottom",
  "color_scheme": {
    "background_gradient_start": "#6bdcf5",
    "background_gradient_end": "#4378d3",
    "card_gradient_start": "#6bdcf5",
    "card_gradient_end": "#4378d3",
    "text_primary": "#000000",
    "text_secondary": "#000000",
    "icon_tint": "#000000",
    "tile_background": "#6bdcf5",
    "tile_border": "#6bdcf5",
    "toggle_off_gradient_start": "#4378d3",
    "toggle_off_gradient_end": "#6bdcf5",
    "toggle_thumb_gradient_start": "#ffffff",
    "toggle_thumb_gradient_end": "#ffe6f0",
    "drop_shadow": "#0000001a",
    "inner_shadow_light": "#ffffff",
    "inner_shadow_dark": "#4378d3",
    "success": "#4a2b3a",
    "warning": "#4378d3",
    "divider": "#4378d3",
    "accent_gradient_start": "#4378d3",
    "accent_gradient_end": "#e06290",
    "accent_glow": "#FFCF1D"
  }
}
