{
  "name": "Minecraft - LightMode",
  "author": "ProtoPropski",
  "version": "1.1",
  "description": "C418 - Minecraft plays in nostalgic bliss",
  "credits": "n/a",
  "website": "n/a",
  "wallpaper_main": "Minecraft-Top",
  "wallpaper_external": "Minecraft-Bottom",
  "color_scheme": {
    "background_gradient_start": "#c6c6c6",
    "background_gradient_end": "#c6c6c6",
    "card_gradient_start": "#c6c6c6",
    "card_gradient_end": "#c6c6c6",
    "text_primary": "#000000",
    "text_secondary": "#000000",
    "icon_tint": "#000000",
    "tile_background": "#656565",
    "tile_border": "#656565",
    "toggle_off_gradient_start": "#c6c6c6",
    "toggle_off_gradient_end": "#c6c6c6",
    "toggle_thumb_gradient_start": "#ffffff",
    "toggle_thumb_gradient_end": "#ffe6f0",
    "drop_shadow": "#000000",
    "inner_shadow_light": "#ffffff",
    "inner_shadow_dark": "#c6c6c6",
    "success": "#4a2b3a",
    "warning": "#c6c6c6",
    "divider": "#c6c6c6",
    "accent_gradient_start": "#c6c6c6",
    "accent_gradient_end": "#e06290",
    "accent_glow": "#FFCF1D"
  }
}
